id	selected_letter	surface	status	source	notes
b-base-aby-y	b	aby	candidate	https://sk.wikipedia.org/wiki/Vybran%C3%A9_slov%C3%A1	basic-form selected word
b-base-keby-y	b	keby	candidate	https://sk.wikipedia.org/wiki/Vybran%C3%A9_slov%C3%A1	basic-form selected word
b-base-byk-y	b	býk	candidate	https://sk.wikipedia.org/wiki/Vybran%C3%A9_slov%C3%A1	basic-form selected word
b-base-byci-y	b	býčí	candidate	https://sk.wikipedia.org/wiki/Vybran%C3%A9_slov%C3%A1	basic-form selected word
b-base-byvol-y	b	byvol	candidate	https://sk.wikipedia.org/wiki/Vybran%C3%A9_slov%C3%A1	basic-form selected word
b-base-byl-y	b	byľ	candidate	https://sk.wikipedia.org/wiki/Vybran%C3%A9_slov%C3%A1	basic-form selected word
b-base-bylina-y	b	bylina	candidate	https://sk.wikipedia.org/wiki/Vybran%C3%A9_slov%C3%A1	basic-form selected word
b-base-bystry-y	b	bystrý	candidate	https://sk.wikipedia.org/wiki/Vybran%C3%A9_slov%C3%A1	basic-form selected word
b-base-bystrina-y	b	bystrina	candidate	https://sk.wikipedia.org/wiki/Vybran%C3%A9_slov%C3%A1	basic-form selected word
b-base-bystrica-y	b	Bystrica	candidate	https://sk.wikipedia.org/wiki/Vybran%C3%A9_slov%C3%A1	basic-form selected word
b-base-bytca-y	b	Bytča	candidate	https://sk.wikipedia.org/wiki/Vybran%C3%A9_slov%C3%A1	basic-form selected word
b-base-zivobytie-y	b	živobytie	candidate	https://sk.wikipedia.org/wiki/Vybran%C3%A9_slov%C3%A1	basic-form selected word
b-base-bytost-y	b	bytosť	candidate	https://sk.wikipedia.org/wiki/Vybran%C3%A9_slov%C3%A1	basic-form selected word
b-base-bytostny-y	b	bytostný	candidate	https://sk.wikipedia.org/wiki/Vybran%C3%A9_slov%C3%A1	basic-form selected word
b-base-byvaly-y	b	bývalý	candidate	https://sk.wikipedia.org/wiki/Vybran%C3%A9_slov%C3%A1	basic-form selected word
b-base-byvat-y	b	bývať	candidate	https://sk.wikipedia.org/wiki/Vybran%C3%A9_slov%C3%A1	basic-form selected word
b-base-obyvat-y	b	obývať	candidate	https://sk.wikipedia.org/wiki/Vybran%C3%A9_slov%C3%A1	basic-form selected word
b-base-obyvatel-y	b	obyvateľ	candidate	https://sk.wikipedia.org/wiki/Vybran%C3%A9_slov%C3%A1	basic-form selected word
b-base-prebyvat-y	b	prebývať	candidate	https://sk.wikipedia.org/wiki/Vybran%C3%A9_slov%C3%A1	basic-form selected word
b-base-bydlo-y	b	bydlo	candidate	https://sk.wikipedia.org/wiki/Vybran%C3%A9_slov%C3%A1	basic-form selected word
b-base-bydlisko-y	b	bydlisko	candidate	https://sk.wikipedia.org/wiki/Vybran%C3%A9_slov%C3%A1	basic-form selected word
b-base-byt-y	b	byt	candidate	https://sk.wikipedia.org/wiki/Vybran%C3%A9_slov%C3%A1	basic-form selected word
b-base-bytna-y	b	bytná	candidate	https://sk.wikipedia.org/wiki/Vybran%C3%A9_slov%C3%A1	basic-form selected word
b-base-pribytok-y	b	príbytok	candidate	https://sk.wikipedia.org/wiki/Vybran%C3%A9_slov%C3%A1	basic-form selected word
b-base-vydobyt-y	b	vydobyť	candidate	https://sk.wikipedia.org/wiki/Vybran%C3%A9_slov%C3%A1	basic-form selected word
b-base-vydobytok-y	b	výdobytok	candidate	https://sk.wikipedia.org/wiki/Vybran%C3%A9_slov%C3%A1	basic-form selected word
b-base-dobyvat-y	b	dobývať	candidate	https://sk.wikipedia.org/wiki/Vybran%C3%A9_slov%C3%A1	basic-form selected word
b-base-dobyjat-y	b	dobýjať	candidate	https://sk.wikipedia.org/wiki/Vybran%C3%A9_slov%C3%A1	basic-form selected word
b-base-dobytok-y	b	dobytok	candidate	https://sk.wikipedia.org/wiki/Vybran%C3%A9_slov%C3%A1	basic-form selected word
b-base-nabytok-y	b	nábytok	candidate	https://sk.wikipedia.org/wiki/Vybran%C3%A9_slov%C3%A1	basic-form selected word
b-base-zbytocny-y	b	zbytočný	candidate	https://sk.wikipedia.org/wiki/Vybran%C3%A9_slov%C3%A1	basic-form selected word
b-base-nadbytocny-y	b	nadbytočný	candidate	https://sk.wikipedia.org/wiki/Vybran%C3%A9_slov%C3%A1	basic-form selected word
b-base-prebytok-y	b	prebytok	candidate	https://sk.wikipedia.org/wiki/Vybran%C3%A9_slov%C3%A1	basic-form selected word
b-base-ubytok-y	b	úbytok	candidate	https://sk.wikipedia.org/wiki/Vybran%C3%A9_slov%C3%A1	basic-form selected word
b-base-odbyt-y	b	odbyt	candidate	https://sk.wikipedia.org/wiki/Vybran%C3%A9_slov%C3%A1	basic-form selected word
b-base-neodbytny-y	b	neodbytný	candidate	https://sk.wikipedia.org/wiki/Vybran%C3%A9_slov%C3%A1	basic-form selected word
b-base-prvobytny-y	b	prvobytný	candidate	https://sk.wikipedia.org/wiki/Vybran%C3%A9_slov%C3%A1	basic-form selected word
b-base-kobyla-y	b	kobyla	candidate	https://sk.wikipedia.org/wiki/Vybran%C3%A9_slov%C3%A1	basic-form selected word
b-base-obycaj-y	b	obyčaj	candidate	https://sk.wikipedia.org/wiki/Vybran%C3%A9_slov%C3%A1	basic-form selected word
b-base-obycajny-y	b	obyčajný	candidate	https://sk.wikipedia.org/wiki/Vybran%C3%A9_slov%C3%A1	basic-form selected word
m-base-mykat-y	m	mykať	candidate	https://sk.wikipedia.org/wiki/Vybran%C3%A9_slov%C3%A1	basic-form selected word
m-base-myknut-y	m	myknúť	candidate	https://sk.wikipedia.org/wiki/Vybran%C3%A9_slov%C3%A1	basic-form selected word
m-base-zamykat-y	m	zamykať	candidate	https://sk.wikipedia.org/wiki/Vybran%C3%A9_slov%C3%A1	basic-form selected word
m-base-odmykat-y	m	odmykať	candidate	https://sk.wikipedia.org/wiki/Vybran%C3%A9_slov%C3%A1	basic-form selected word
m-base-pomykov-y	m	pomykov	candidate	https://sk.wikipedia.org/wiki/Vybran%C3%A9_slov%C3%A1	basic-form selected word
m-base-mylit-sa-y	m	mýliť sa	candidate	https://sk.wikipedia.org/wiki/Vybran%C3%A9_slov%C3%A1	basic-form selected word
m-base-mylny-y	m	mylný	candidate	https://sk.wikipedia.org/wiki/Vybran%C3%A9_slov%C3%A1	basic-form selected word
m-base-omyl-y	m	omyl	candidate	https://sk.wikipedia.org/wiki/Vybran%C3%A9_slov%C3%A1	basic-form selected word
m-base-mysliet-y	m	myslieť	candidate	https://sk.wikipedia.org/wiki/Vybran%C3%A9_slov%C3%A1	basic-form selected word
m-base-myslienka-y	m	myšlienka	candidate	https://sk.wikipedia.org/wiki/Vybran%C3%A9_slov%C3%A1	basic-form selected word
m-base-mysel-y	m	myseľ	candidate	https://sk.wikipedia.org/wiki/Vybran%C3%A9_slov%C3%A1	basic-form selected word
m-base-premyslat-y	m	premýšľať	candidate	https://sk.wikipedia.org/wiki/Vybran%C3%A9_slov%C3%A1	basic-form selected word
m-base-zmysel-y	m	zmysel	candidate	https://sk.wikipedia.org/wiki/Vybran%C3%A9_slov%C3%A1	basic-form selected word
m-base-umysel-y	m	úmysel	candidate	https://sk.wikipedia.org/wiki/Vybran%C3%A9_slov%C3%A1	basic-form selected word
m-base-vymysel-y	m	výmysel	candidate	https://sk.wikipedia.org/wiki/Vybran%C3%A9_slov%C3%A1	basic-form selected word
m-base-priemysel-y	m	priemysel	candidate	https://sk.wikipedia.org/wiki/Vybran%C3%A9_slov%C3%A1	basic-form selected word
m-base-mys-y	m	mys	candidate	https://sk.wikipedia.org/wiki/Vybran%C3%A9_slov%C3%A1	basic-form selected word
m-base-mys-2-y	m	myš	candidate	https://sk.wikipedia.org/wiki/Vybran%C3%A9_slov%C3%A1	basic-form selected word
m-base-umyt-y	m	umyť	candidate	https://sk.wikipedia.org/wiki/Vybran%C3%A9_slov%C3%A1	basic-form selected word
m-base-umyvat-y	m	umývať	candidate	https://sk.wikipedia.org/wiki/Vybran%C3%A9_slov%C3%A1	basic-form selected word
m-base-pomyje-y	m	pomyje	candidate	https://sk.wikipedia.org/wiki/Vybran%C3%A9_slov%C3%A1	basic-form selected word
m-base-mydlo-y	m	mydlo	candidate	https://sk.wikipedia.org/wiki/Vybran%C3%A9_slov%C3%A1	basic-form selected word
m-base-myjava-y	m	Myjava	candidate	https://sk.wikipedia.org/wiki/Vybran%C3%A9_slov%C3%A1	basic-form selected word
m-base-myto-y	m	mýto	candidate	https://sk.wikipedia.org/wiki/Vybran%C3%A9_slov%C3%A1	basic-form selected word
m-base-mytnik-y	m	mýtnik	candidate	https://sk.wikipedia.org/wiki/Vybran%C3%A9_slov%C3%A1	basic-form selected word
m-base-cmyrit-sa-y	m	čmýriť sa	candidate	https://sk.wikipedia.org/wiki/Vybran%C3%A9_slov%C3%A1	basic-form selected word
m-base-hmyrit-sa-y	m	hmýriť sa	candidate	https://sk.wikipedia.org/wiki/Vybran%C3%A9_slov%C3%A1	basic-form selected word
m-base-hmyz-y	m	hmyz	candidate	https://sk.wikipedia.org/wiki/Vybran%C3%A9_slov%C3%A1	basic-form selected word
m-base-smyk-y	m	smyk	candidate	https://sk.wikipedia.org/wiki/Vybran%C3%A9_slov%C3%A1	basic-form selected word
m-base-priesmyk-y	m	priesmyk	candidate	https://sk.wikipedia.org/wiki/Vybran%C3%A9_slov%C3%A1	basic-form selected word
m-base-smykat-sa-y	m	šmýkať sa	candidate	https://sk.wikipedia.org/wiki/Vybran%C3%A9_slov%C3%A1	basic-form selected word
m-base-smyknut-sa-y	m	šmyknúť sa	candidate	https://sk.wikipedia.org/wiki/Vybran%C3%A9_slov%C3%A1	basic-form selected word
m-base-smyk-2-y	m	šmyk	candidate	https://sk.wikipedia.org/wiki/Vybran%C3%A9_slov%C3%A1	basic-form selected word
m-base-smyklavka-y	m	šmykľavka	candidate	https://sk.wikipedia.org/wiki/Vybran%C3%A9_slov%C3%A1	basic-form selected word
m-base-zmykat-y	m	žmýkať	candidate	https://sk.wikipedia.org/wiki/Vybran%C3%A9_slov%C3%A1	basic-form selected word
p-base-pysit-sa-y	p	pýšiť sa	candidate	https://sk.wikipedia.org/wiki/Vybran%C3%A9_slov%C3%A1	basic-form selected word
p-base-pysniet-y	p	pyšnieť	candidate	https://sk.wikipedia.org/wiki/Vybran%C3%A9_slov%C3%A1	basic-form selected word
p-base-pysny-y	p	pyšný	candidate	https://sk.wikipedia.org/wiki/Vybran%C3%A9_slov%C3%A1	basic-form selected word
p-base-prepych-y	p	prepych	candidate	https://sk.wikipedia.org/wiki/Vybran%C3%A9_slov%C3%A1	basic-form selected word
p-base-pykat-y	p	pykať	candidate	https://sk.wikipedia.org/wiki/Vybran%C3%A9_slov%C3%A1	basic-form selected word
p-base-pyr-y	p	pýr	candidate	https://sk.wikipedia.org/wiki/Vybran%C3%A9_slov%C3%A1	basic-form selected word
p-base-pyrit-sa-y	p	pýriť sa	candidate	https://sk.wikipedia.org/wiki/Vybran%C3%A9_slov%C3%A1	basic-form selected word
p-base-pysk-y	p	pysk	candidate	https://sk.wikipedia.org/wiki/Vybran%C3%A9_slov%C3%A1	basic-form selected word
p-base-pyskaty-y	p	pyskatý	candidate	https://sk.wikipedia.org/wiki/Vybran%C3%A9_slov%C3%A1	basic-form selected word
p-base-pystek-y	p	pyštek	candidate	https://sk.wikipedia.org/wiki/Vybran%C3%A9_slov%C3%A1	basic-form selected word
p-base-pytat-sa-y	p	pýtať sa	candidate	https://sk.wikipedia.org/wiki/Vybran%C3%A9_slov%C3%A1	basic-form selected word
p-base-spytovat-sa-y	p	spytovať sa	candidate	https://sk.wikipedia.org/wiki/Vybran%C3%A9_slov%C3%A1	basic-form selected word
p-base-opytovat-sa-y	p	opytovať sa	candidate	https://sk.wikipedia.org/wiki/Vybran%C3%A9_slov%C3%A1	basic-form selected word
p-base-dopyt-y	p	dopyt	candidate	https://sk.wikipedia.org/wiki/Vybran%C3%A9_slov%C3%A1	basic-form selected word
p-base-pytliak-y	p	pytliak	candidate	https://sk.wikipedia.org/wiki/Vybran%C3%A9_slov%C3%A1	basic-form selected word
p-base-kopyto-y	p	kopyto	candidate	https://sk.wikipedia.org/wiki/Vybran%C3%A9_slov%C3%A1	basic-form selected word
p-base-pyzamo-y	p	pyžamo	candidate	https://sk.wikipedia.org/wiki/Vybran%C3%A9_slov%C3%A1	basic-form selected word
r-base-ryba-y	r	ryba	candidate	https://sk.wikipedia.org/wiki/Vybran%C3%A9_slov%C3%A1	basic-form selected word
r-base-rybnik-y	r	rybník	candidate	https://sk.wikipedia.org/wiki/Vybran%C3%A9_slov%C3%A1	basic-form selected word
r-base-rybina-y	r	rybina	candidate	https://sk.wikipedia.org/wiki/Vybran%C3%A9_slov%C3%A1	basic-form selected word
r-base-rycat-y	r	ryčať	candidate	https://sk.wikipedia.org/wiki/Vybran%C3%A9_slov%C3%A1	basic-form selected word
r-base-ryk-y	r	ryk	candidate	https://sk.wikipedia.org/wiki/Vybran%C3%A9_slov%C3%A1	basic-form selected word
r-base-rydzi-y	r	rýdzi	candidate	https://sk.wikipedia.org/wiki/Vybran%C3%A9_slov%C3%A1	basic-form selected word
r-base-rydzik-y	r	rýdzik	candidate	https://sk.wikipedia.org/wiki/Vybran%C3%A9_slov%C3%A1	basic-form selected word
r-base-ryha-y	r	ryha	candidate	https://sk.wikipedia.org/wiki/Vybran%C3%A9_slov%C3%A1	basic-form selected word
r-base-rychly-y	r	rýchly	candidate	https://sk.wikipedia.org/wiki/Vybran%C3%A9_slov%C3%A1	basic-form selected word
r-base-zrychlit-y	r	zrýchliť	candidate	https://sk.wikipedia.org/wiki/Vybran%C3%A9_slov%C3%A1	basic-form selected word
r-base-zrychlovat-y	r	zrýchľovať	candidate	https://sk.wikipedia.org/wiki/Vybran%C3%A9_slov%C3%A1	basic-form selected word
r-base-rys-y	r	rys	candidate	https://sk.wikipedia.org/wiki/Vybran%C3%A9_slov%C3%A1	basic-form selected word
r-base-rysovat-y	r	rysovať	candidate	https://sk.wikipedia.org/wiki/Vybran%C3%A9_slov%C3%A1	basic-form selected word
r-base-rysavy-y	r	ryšavý	candidate	https://sk.wikipedia.org/wiki/Vybran%C3%A9_slov%C3%A1	basic-form selected word
r-base-ryt-y	r	ryť	candidate	https://sk.wikipedia.org/wiki/Vybran%C3%A9_slov%C3%A1	basic-form selected word
r-base-rozryvat-y	r	rozrývať	candidate	https://sk.wikipedia.org/wiki/Vybran%C3%A9_slov%C3%A1	basic-form selected word
r-base-ryl-y	r	rýľ	candidate	https://sk.wikipedia.org/wiki/Vybran%C3%A9_slov%C3%A1	basic-form selected word
r-base-uryvok-y	r	úryvok	candidate	https://sk.wikipedia.org/wiki/Vybran%C3%A9_slov%C3%A1	basic-form selected word
r-base-poryv-y	r	poryv	candidate	https://sk.wikipedia.org/wiki/Vybran%C3%A9_slov%C3%A1	basic-form selected word
r-base-bryzgat-y	r	brýzgať	candidate	https://sk.wikipedia.org/wiki/Vybran%C3%A9_slov%C3%A1	basic-form selected word
r-base-hryzt-y	r	hrýzť	candidate	https://sk.wikipedia.org/wiki/Vybran%C3%A9_slov%C3%A1	basic-form selected word
r-base-koryto-y	r	koryto	candidate	https://sk.wikipedia.org/wiki/Vybran%C3%A9_slov%C3%A1	basic-form selected word
r-base-korytnacka-y	r	korytnačka	candidate	https://sk.wikipedia.org/wiki/Vybran%C3%A9_slov%C3%A1	basic-form selected word
r-base-korytnica-y	r	Korytnica	candidate	https://sk.wikipedia.org/wiki/Vybran%C3%A9_slov%C3%A1	basic-form selected word
r-base-kryt-y	r	kryť	candidate	https://sk.wikipedia.org/wiki/Vybran%C3%A9_slov%C3%A1	basic-form selected word
r-base-skryt-y	r	skryť	candidate	https://sk.wikipedia.org/wiki/Vybran%C3%A9_slov%C3%A1	basic-form selected word
r-base-pokryt-y	r	pokryť	candidate	https://sk.wikipedia.org/wiki/Vybran%C3%A9_slov%C3%A1	basic-form selected word
r-base-pokryvka-y	r	pokrývka	candidate	https://sk.wikipedia.org/wiki/Vybran%C3%A9_slov%C3%A1	basic-form selected word
r-base-prikryt-y	r	prikryť	candidate	https://sk.wikipedia.org/wiki/Vybran%C3%A9_slov%C3%A1	basic-form selected word
r-base-prikryvka-y	r	prikrývka	candidate	https://sk.wikipedia.org/wiki/Vybran%C3%A9_slov%C3%A1	basic-form selected word
r-base-skrysa-y	r	skrýša	candidate	https://sk.wikipedia.org/wiki/Vybran%C3%A9_slov%C3%A1	basic-form selected word
r-base-ukryt-y	r	úkryt	candidate	https://sk.wikipedia.org/wiki/Vybran%C3%A9_slov%C3%A1	basic-form selected word
r-base-kryha-y	r	kryha	candidate	https://sk.wikipedia.org/wiki/Vybran%C3%A9_slov%C3%A1	basic-form selected word
r-base-prystit-y	r	prýštiť	candidate	https://sk.wikipedia.org/wiki/Vybran%C3%A9_slov%C3%A1	basic-form selected word
r-base-stryko-y	r	strýko	candidate	https://sk.wikipedia.org/wiki/Vybran%C3%A9_slov%C3%A1	basic-form selected word
r-base-stryc-y	r	strýc	candidate	https://sk.wikipedia.org/wiki/Vybran%C3%A9_slov%C3%A1	basic-form selected word
r-base-stryna-y	r	stryná	candidate	https://sk.wikipedia.org/wiki/Vybran%C3%A9_slov%C3%A1	basic-form selected word
r-base-tryznit-y	r	trýzniť	candidate	https://sk.wikipedia.org/wiki/Vybran%C3%A9_slov%C3%A1	basic-form selected word
r-base-tryzna-y	r	tryzna	candidate	https://sk.wikipedia.org/wiki/Vybran%C3%A9_slov%C3%A1	basic-form selected word
r-base-trysk-y	r	trysk	candidate	https://sk.wikipedia.org/wiki/Vybran%C3%A9_slov%C3%A1	basic-form selected word
r-base-varyto-y	r	varyto	candidate	https://sk.wikipedia.org/wiki/Vybran%C3%A9_slov%C3%A1	basic-form selected word
r-base-rym-y	r	rým	candidate	https://sk.wikipedia.org/wiki/Vybran%C3%A9_slov%C3%A1	basic-form selected word
r-base-rymovat-sa-y	r	rýmovať sa	candidate	https://sk.wikipedia.org/wiki/Vybran%C3%A9_slov%C3%A1	basic-form selected word
r-base-rypat-y	r	rýpať	candidate	https://sk.wikipedia.org/wiki/Vybran%C3%A9_slov%C3%A1	basic-form selected word
r-base-rytier-y	r	rytier	candidate	https://sk.wikipedia.org/wiki/Vybran%C3%A9_slov%C3%A1	basic-form selected word
r-base-bryndza-y	r	bryndza	candidate	https://sk.wikipedia.org/wiki/Vybran%C3%A9_slov%C3%A1	basic-form selected word
r-base-torysa-y	r	Torysa	candidate	https://sk.wikipedia.org/wiki/Vybran%C3%A9_slov%C3%A1	basic-form selected word
s-base-sychravy-y	s	sychravý	candidate	https://sk.wikipedia.org/wiki/Vybran%C3%A9_slov%C3%A1	basic-form selected word
s-base-sycat-y	s	syčať	candidate	https://sk.wikipedia.org/wiki/Vybran%C3%A9_slov%C3%A1	basic-form selected word
s-base-sykat-y	s	sykať	candidate	https://sk.wikipedia.org/wiki/Vybran%C3%A9_slov%C3%A1	basic-form selected word
s-base-sykavy-y	s	sykavý	candidate	https://sk.wikipedia.org/wiki/Vybran%C3%A9_slov%C3%A1	basic-form selected word
s-base-sykot-y	s	sykot	candidate	https://sk.wikipedia.org/wiki/Vybran%C3%A9_slov%C3%A1	basic-form selected word
s-base-sykorka-y	s	sýkorka	candidate	https://sk.wikipedia.org/wiki/Vybran%C3%A9_slov%C3%A1	basic-form selected word
s-base-syn-y	s	syn	candidate	https://sk.wikipedia.org/wiki/Vybran%C3%A9_slov%C3%A1	basic-form selected word
s-base-sypat-y	s	sypať	candidate	https://sk.wikipedia.org/wiki/Vybran%C3%A9_slov%C3%A1	basic-form selected word
s-base-sypka-y	s	sýpka	candidate	https://sk.wikipedia.org/wiki/Vybran%C3%A9_slov%C3%A1	basic-form selected word
s-base-osypky-y	s	osýpky	candidate	https://sk.wikipedia.org/wiki/Vybran%C3%A9_slov%C3%A1	basic-form selected word
s-base-sypky-y	s	sypký	candidate	https://sk.wikipedia.org/wiki/Vybran%C3%A9_slov%C3%A1	basic-form selected word
s-base-syrovnik-y	s	syrovník	candidate	https://sk.wikipedia.org/wiki/Vybran%C3%A9_slov%C3%A1	basic-form selected word
s-base-sysel-y	s	syseľ	candidate	https://sk.wikipedia.org/wiki/Vybran%C3%A9_slov%C3%A1	basic-form selected word
s-base-syty-y	s	sýty	candidate	https://sk.wikipedia.org/wiki/Vybran%C3%A9_slov%C3%A1	basic-form selected word
s-base-nasytit-y	s	nasýtiť	candidate	https://sk.wikipedia.org/wiki/Vybran%C3%A9_slov%C3%A1	basic-form selected word
s-base-nenasytny-y	s	nenásytný	candidate	https://sk.wikipedia.org/wiki/Vybran%C3%A9_slov%C3%A1	basic-form selected word
s-base-vysychat-y	s	vysychať	candidate	https://sk.wikipedia.org/wiki/Vybran%C3%A9_slov%C3%A1	basic-form selected word
v-base-vy-y	v	vy	candidate	https://sk.wikipedia.org/wiki/Vybran%C3%A9_slov%C3%A1	basic-form selected word
v-base-vykat-y	v	vykať	candidate	https://sk.wikipedia.org/wiki/Vybran%C3%A9_slov%C3%A1	basic-form selected word
v-base-vydra-y	v	vydra	candidate	https://sk.wikipedia.org/wiki/Vybran%C3%A9_slov%C3%A1	basic-form selected word
v-base-vyhna-y	v	vyhňa	candidate	https://sk.wikipedia.org/wiki/Vybran%C3%A9_slov%C3%A1	basic-form selected word
v-base-vyskat-y	v	výskať	candidate	https://sk.wikipedia.org/wiki/Vybran%C3%A9_slov%C3%A1	basic-form selected word
v-base-vyskot-y	v	výskot	candidate	https://sk.wikipedia.org/wiki/Vybran%C3%A9_slov%C3%A1	basic-form selected word
v-base-vysoky-y	v	vysoký	candidate	https://sk.wikipedia.org/wiki/Vybran%C3%A9_slov%C3%A1	basic-form selected word
v-base-vyska-y	v	výška	candidate	https://sk.wikipedia.org/wiki/Vybran%C3%A9_slov%C3%A1	basic-form selected word
v-base-vysina-y	v	výšina	candidate	https://sk.wikipedia.org/wiki/Vybran%C3%A9_slov%C3%A1	basic-form selected word
v-base-vysehrad-y	v	Vyšehrad	candidate	https://sk.wikipedia.org/wiki/Vybran%C3%A9_slov%C3%A1	basic-form selected word
v-base-vyse-y	v	vyše	candidate	https://sk.wikipedia.org/wiki/Vybran%C3%A9_slov%C3%A1	basic-form selected word
v-base-vyt-y	v	vyť	candidate	https://sk.wikipedia.org/wiki/Vybran%C3%A9_slov%C3%A1	basic-form selected word
v-base-zavyjat-y	v	zavýjať	candidate	https://sk.wikipedia.org/wiki/Vybran%C3%A9_slov%C3%A1	basic-form selected word
v-base-vyzla-y	v	vyžla	candidate	https://sk.wikipedia.org/wiki/Vybran%C3%A9_slov%C3%A1	basic-form selected word
v-base-zvysit-sa-y	v	zvýšiť sa	candidate	https://sk.wikipedia.org/wiki/Vybran%C3%A9_slov%C3%A1	basic-form selected word
v-base-zvysovat-y	v	zvyšovať	candidate	https://sk.wikipedia.org/wiki/Vybran%C3%A9_slov%C3%A1	basic-form selected word
v-base-zvysok-y	v	zvyšok	candidate	https://sk.wikipedia.org/wiki/Vybran%C3%A9_slov%C3%A1	basic-form selected word
v-base-zvyk-y	v	zvyk	candidate	https://sk.wikipedia.org/wiki/Vybran%C3%A9_slov%C3%A1	basic-form selected word
v-base-zvykat-y	v	zvykať	candidate	https://sk.wikipedia.org/wiki/Vybran%C3%A9_slov%C3%A1	basic-form selected word
v-base-zvyknut-y	v	zvyknúť	candidate	https://sk.wikipedia.org/wiki/Vybran%C3%A9_slov%C3%A1	basic-form selected word
v-base-zvycajny-y	v	zvyčajný	candidate	https://sk.wikipedia.org/wiki/Vybran%C3%A9_slov%C3%A1	basic-form selected word
v-base-navyk-y	v	návyk	candidate	https://sk.wikipedia.org/wiki/Vybran%C3%A9_slov%C3%A1	basic-form selected word
z-base-jazyk-y	z	jazyk	candidate	https://sk.wikipedia.org/wiki/Vybran%C3%A9_slov%C3%A1	basic-form selected word
z-base-jazycny-y	z	jazyčný	candidate	https://sk.wikipedia.org/wiki/Vybran%C3%A9_slov%C3%A1	basic-form selected word
z-base-jazycnica-y	z	jazyčnica	candidate	https://sk.wikipedia.org/wiki/Vybran%C3%A9_slov%C3%A1	basic-form selected word
z-base-nazyvat-y	z	nazývať	candidate	https://sk.wikipedia.org/wiki/Vybran%C3%A9_slov%C3%A1	basic-form selected word
z-base-pozyvat-y	z	pozývať	candidate	https://sk.wikipedia.org/wiki/Vybran%C3%A9_slov%C3%A1	basic-form selected word
z-base-vyzyvat-y	z	vyzývať	candidate	https://sk.wikipedia.org/wiki/Vybran%C3%A9_slov%C3%A1	basic-form selected word
z-base-prezyvat-y	z	prezývať	candidate	https://sk.wikipedia.org/wiki/Vybran%C3%A9_slov%C3%A1	basic-form selected word
z-base-vzyvat-y	z	vzývať	candidate	https://sk.wikipedia.org/wiki/Vybran%C3%A9_slov%C3%A1	basic-form selected word
z-base-ozyvat-sa-y	z	ozývať sa	candidate	https://sk.wikipedia.org/wiki/Vybran%C3%A9_slov%C3%A1	basic-form selected word
z-base-prizyvat-y	z	prizývať	candidate	https://sk.wikipedia.org/wiki/Vybran%C3%A9_slov%C3%A1	basic-form selected word
